Date,Positive_Ratio,Smoothed_Ratio
2020-12-09,0.7195889531149646,0.7195889531149646
2020-12-10,0.7744434512407952,0.7470162021778799
2020-12-11,0.8244151841994677,0.7728158628517425
2020-12-12,0.8080862533692722,0.7816334604811249
2020-12-13,0.8139324960753532,0.7880932675999706
2020-12-14,0.796812749003984,0.7895465145006395
2020-12-15,0.7925473109189048,0.7899751997032488
2020-12-16,0.784958217270195,0.799313666011139
2020-12-17,0.758846188300636,0.7970854855911161
2020-12-18,0.7537970314118053,0.7869971780500215
2020-12-19,0.8085477822319928,0.7870631107446959
2020-12-20,0.8071939838724291,0.7861004661442782
2020-12-21,0.7891805887032617,0.7850101575298892
2020-12-22,0.7822951825713409,0.7835455677659515
2020-12-23,0.8189419276375798,0.7884003835327207
2020-12-24,0.8080168776371308,0.7954247677236487
2020-12-25,0.820024077046549,0.8048857742428978
2020-12-26,0.7981072555205048,0.8033942704269709
2020-12-27,0.8150388936905791,0.8045149718295637
2020-12-28,0.8281868566904196,0.8100872958277291
2020-12-29,0.8287010777084515,0.816716709418745
2020-12-30,0.8219222115075538,0.8171424642573127
2020-12-31,0.8134715025906736,0.8179216963935331
2021-01-01,0.8097478991596638,0.8164536709811209
2021-01-02,0.8125613346418057,0.818518539427021
2021-01-03,0.8198130841121495,0.8192005666301024
2021-01-04,0.8162650602409639,0.8174974528516089
2021-01-05,0.8116947472745293,0.8150679770753342
2021-01-06,0.7998952331063384,0.8119212658751607
2021-01-07,0.7795371498172959,0.8070735011932495
2021-01-08,0.7923832923832924,0.8045928430823392
2021-01-09,0.8009592326139089,0.8029353999354969
2021-01-10,0.7992541951522685,0.7999984157983712
2021-01-11,0.8004569687738005,0.7977401170173477
2021-01-12,0.7959697732997482,0.7954936921638076
2021-01-13,0.780811232449298,0.7927674063556589
2021-01-14,0.7621664050235479,0.7902858713851234
2021-01-15,0.7972850678733032,0.7909861250265535
2021-01-16,0.7609756097560976,0.7852741789040092
2021-01-17,0.7102009273570324,0.7725522835046897
2021-01-18,0.6740425531914893,0.7544930812786452
2021-01-19,0.7037392138063279,0.7413172870652994
2021-01-20,0.7287543655413271,0.7338805917927321
2021-01-21,0.7563775510204082,0.7330536126494265
2021-01-22,0.7801570306923626,0.7306067501950064
2021-01-23,0.757715036112935,0.7301409539602688
2021-01-24,0.7304964539007093,0.7330403148950799
2021-01-25,0.6813048933500627,0.7340777920605904
2021-01-26,0.7421124828532236,0.7395596876387184
2021-01-27,0.7423780487804879,0.7415059281014555
2021-01-28,0.7946058091286307,0.7469671078312017
2021-01-29,0.7486631016042781,0.7424679751043326
2021-01-30,0.748730964467005,0.7411845362977711
2021-01-31,0.765034965034965,0.7461186093169505
2021-02-01,0.7589928057553957,0.7572168825177122
2021-02-02,0.7702702702702703,0.7612394235772904
2021-02-03,0.744916820702403,0.761602105280421
2021-02-04,0.7270788912579957,0.7519554027274733
2021-02-05,0.7513043478260869,0.7523327236163031
2021-02-06,0.7237076648841355,0.7487579665330361
2021-02-07,0.7706896551724138,0.7495657794098144
2021-02-08,0.7327586206896551,0.745818038686137
2021-02-09,0.751131221719457,0.7430838888931639
2021-02-10,0.7331786542923434,0.741407007977441
2021-02-11,0.6455938697318008,0.7297662906165561
2021-02-12,0.6822033898305084,0.7198947251886164
2021-02-13,0.7189189189189189,0.7192106186221567
2021-02-14,0.7654784240150094,0.7184661570282419
2021-02-15,0.7685393258426966,0.7235776863358191
2021-02-16,0.7323008849557522,0.7208876382267185
2021-02-17,0.731829573934837,0.7206949124613605
2021-02-18,0.762532981530343,0.7374004998611523
2021-02-19,0.6836461126005362,0.7376066031140133
2021-02-20,0.7168831168831169,0.7373157742517559
2021-02-21,0.7650429799426934,0.7372535679557108
2021-02-22,0.7620578778135049,0.7363276468086833
2021-02-23,0.7247706422018348,0.735251897843838
2021-02-24,0.6703601108033241,0.7264705459679076
2021-02-25,0.6571428571428571,0.7114148139125523
2021-02-26,0.6840277777777778,0.7114693375093014
2021-02-27,0.7246376811594203,0.712577132405916
2021-02-28,0.7249283667621776,0.706846473380128
2021-03-01,0.6949685534591195,0.6972622841866445
2021-03-02,0.7023411371237458,0.6940580691754888
2021-03-03,0.6940298507462687,0.6974394605959094
2021-03-04,0.6573705179282868,0.6974719835652566
2021-03-05,0.6971830985915493,0.6993513151100811
2021-03-06,0.6851211072664359,0.6937060902682263
2021-03-07,0.7508196721311475,0.6974048481780791
2021-03-08,0.6395348837209303,0.6894857525011949
2021-03-09,0.6846473029045643,0.6869580618984548
2021-03-10,0.6941176470588235,0.6869706042288196
2021-03-11,0.652,0.6862033873819214
2021-03-12,0.6352941176470588,0.6773621043898516
2021-03-13,0.7064516129032258,0.6804093194808214
2021-03-14,0.6768707482993197,0.6698451875048461
2021-03-15,0.700374531835206,0.6785365658068854
2021-03-16,0.671875,0.6767119511062333
2021-03-17,0.7232142857142857,0.6808686137712995
2021-03-18,0.6951219512195121,0.687028892516944
2021-03-19,0.6013745704467354,0.6821832429168978
2021-03-20,0.6335227272727273,0.6717648306839694
2021-03-21,0.672566371681416,0.6711499197385545
2021-03-22,0.49122807017543857,0.6412718537871592
2021-03-23,0.4767225325884544,0.6133929298712243
2021-03-24,0.5413105413105413,0.5874066806706892
2021-03-25,0.6253968253968254,0.5774459484103055
2021-03-26,0.5661538461538461,0.5724144163684642
2021-03-27,0.641566265060241,0.5735634931952518
2021-03-28,0.6377708978328174,0.5685927112168806
2021-03-29,0.6935749588138386,0.597499409593795
2021-03-30,0.6536585365853659,0.6227759815933537
2021-03-31,0.6547619047619048,0.6389833192292628
2021-04-01,0.6759776536312849,0.6462091518341856
2021-04-02,0.6266318537859008,0.6548488672101934
2021-04-03,0.6958637469586375,0.6626056503385358
2021-04-04,0.7028985507246377,0.6719096007516528
2021-04-05,0.7146892655367232,0.6749259302834935
2021-04-06,0.7206896551724138,0.6845018043673575
2021-04-07,0.7074074074074074,0.6920225904595723
2021-04-08,0.7681660899653979,0.7051923670787311
2021-04-09,0.7040358744394619,0.7162500843149543
2021-04-10,0.697841726618705,0.716532652837821
2021-04-11,0.7517985611510791,0.7235183686130269
2021-04-12,0.7330097087378641,0.7261355747846185
2021-04-13,0.7235023041474654,0.7265373817810544
2021-04-14,0.7277628032345014,0.7294452954706393
2021-04-15,0.6929133858267716,0.7186949091651212
2021-04-16,0.7694915254237288,0.728045716448588
2021-04-17,0.7442622950819672,0.7346772262290538
2021-04-18,0.7183098591549296,0.7298931259438898
2021-04-19,0.7610619469026548,0.7339005885388598
2021-04-20,0.76,0.7391145450892218
2021-04-21,0.7453703703703703,0.7416299118229175
2021-04-22,0.7760416666666666,0.753505380514331
2021-04-23,0.7582417582417582,0.7518982709169066
2021-04-24,0.7178217821782178,0.7481210547877997
2021-04-25,0.7578947368421053,0.753776037314539
2021-04-26,0.660377358490566,0.7393925246842407
2021-04-27,0.678391959798995,0.7277342332269542
2021-04-28,0.8052805280528053,0.7362928271815877
2021-04-29,0.7358490566037735,0.7305510257440316
2021-04-30,0.6513761467889908,0.7152845098222077
2021-05-01,0.7541666666666667,0.7204766361777004
2021-05-02,0.6923076923076923,0.7111070583870699
2021-05-03,0.7227722772277227,0.7200206182066636
2021-05-04,0.7475247524752475,0.7298967314461284
2021-05-05,0.7091836734693877,0.716168609362783
2021-05-06,0.7061855670103093,0.7119309679922882
2021-05-07,0.6583850931677019,0.7129322460463897
2021-05-08,0.7276995305164319,0.7091512265963562
2021-05-09,0.7191011235955056,0.7129788596374723
2021-05-10,0.7455621301775148,0.7162345529160141
2021-05-11,0.6981132075471698,0.7091757607834316
2021-05-12,0.7484276729559748,0.7147820464243725
2021-05-13,0.7176470588235294,0.7164194023976896
2021-05-14,0.6833333333333333,0.7199834367070655
2021-05-15,0.7222222222222222,0.7192009640936072
2021-05-16,0.7096774193548387,0.7178547206306548
2021-05-17,0.7452229299363057,0.7178062634533392
2021-05-18,0.6446700507614214,0.7101715267696608
2021-05-19,0.569364161849711,0.6845910251830517
2021-05-20,0.6523605150214592,0.6752643760684702
2021-05-21,0.6752577319587629,0.6741107187292459
2021-05-22,0.7920353982300885,0.6840840295875125
2021-05-23,0.757201646090535,0.6908732048354691
2021-05-24,0.7150837988826816,0.6865676146849513
2021-05-25,0.7474226804123711,0.7012465617779443
2021-05-26,0.7574257425742574,0.7281125018814507
2021-05-27,0.6881720430107527,0.7332284344513499
2021-05-28,0.6437768240343348,0.7287311618907173
2021-05-29,0.6412213740458015,0.707186301292962
2021-05-30,0.7119341563786008,0.7007195170484
2021-05-31,0.7168949771689498,0.7009782568035812
2021-06-01,0.7159090909090909,0.6964763154459697
2021-06-02,0.7263157894736842,0.6920320364316022
2021-06-03,0.65,0.686578887430066
2021-06-04,0.7206703910614525,0.6975636827196542
2021-06-05,0.7208121827411168,0.7089337982475564
2021-06-06,0.7102272727272727,0.7086899577259381
2021-06-07,0.684931506849315,0.704123747680276
2021-06-08,0.6594594594594595,0.696059514616043
2021-06-09,0.6973684210526315,0.6919241762701782
2021-06-10,0.6394557823129252,0.690417859457739
2021-06-11,0.695364238410596,0.6868026947933309
2021-06-12,0.6588235294117647,0.6779471728891379
2021-06-13,0.7043010752688172,0.6771005732522156
2021-06-14,0.6687898089171974,0.6747946164047702
2021-06-15,0.7407407407407407,0.6864062280163817
2021-06-16,0.6776315789473685,0.6835866791442015
2021-06-17,0.7035714285714286,0.6927460571811305
2021-06-18,0.6910994764397905,0.6921368054710155
2021-06-19,0.6051282051282051,0.6844660448590784
2021-06-20,0.7435897435897436,0.6900787117620678
2021-06-21,0.6474358974358975,0.687028152979025
2021-06-22,0.7025316455696202,0.681569710811722
2021-06-23,0.7019867549668874,0.6850490216716533
2021-06-24,0.5440613026819924,0.6622618608303054
2021-06-25,0.5435540069686411,0.6411839366201411
2021-06-26,0.6827586206896552,0.6522739959860625
2021-06-27,0.7063197026022305,0.6469497044164177
2021-06-28,0.7022222222222222,0.6547763222430356
2021-06-29,0.7198275862068966,0.6572471709055037
2021-06-30,0.6954545454545454,0.6563139981180263
2021-07-01,0.7264150943396226,0.682364539783402
2021-07-02,0.6781115879828327,0.701587051356858
2021-07-03,0.6929460580912863,0.703042399557091
2021-07-04,0.6711111111111111,0.6980126007726453
2021-07-05,0.7136752136752137,0.6996487424087869
2021-07-06,0.7345971563981043,0.7017586810075309
2021-07-07,0.6872246696035242,0.700582984457385
2021-07-08,0.7158469945355191,0.6990732559139416
2021-07-09,0.7192982456140351,0.7049570641469706
2021-07-10,0.7049180327868853,0.7066673462463419
2021-07-11,0.7580645161290323,0.7190892612489019
2021-07-12,0.7987012987012987,0.731235844824057
2021-07-13,0.770949720670391,0.7364290682915264
2021-07-14,0.7513513513513513,0.7455900228269304
2021-07-15,0.7151162790697675,0.7454856349032516
2021-07-16,0.8224852071005917,0.7602266294013311
2021-07-17,0.7175141242937854,0.762026071045174
2021-07-18,0.7857142857142857,0.7659760381287816
2021-07-19,0.7368421052631579,0.7571390104947616
2021-07-20,0.6289308176100629,0.7368505957718575
2021-07-21,0.7777777777777778,0.7406257995470612
2021-07-22,0.7903225806451613,0.7513695569149746
2021-07-23,0.8253968253968254,0.7517855023858652
2021-07-24,0.75,0.7564263417724673
2021-07-25,0.7212121212121212,0.7472117468435867
2021-07-26,0.7637795275590551,0.7510599500287148
2021-07-27,0.7313432835820896,0.7656903023104329
2021-07-28,0.7709923664122137,0.764720957829638
2021-07-29,0.7222222222222222,0.7549923351977895
2021-07-30,0.746031746031746,0.743654466717064
2021-07-31,0.7947019867549668,0.7500404648249164
2021-08-01,0.7294117647058823,0.7512118424668822
2021-08-02,0.782312925170068,0.7538594706970271
2021-08-03,0.7569444444444444,0.757516779391649
2021-08-04,0.7919463087248322,0.7605101997220232
2021-08-05,0.7217391304347827,0.7604411866095317
2021-08-06,0.7291666666666666,0.7580318895573777
2021-08-07,0.723404255319149,0.7478464993522607
2021-08-08,0.7697841726618705,0.7536139862031163
2021-08-09,0.7518796992481203,0.7492663824999808
2021-08-10,0.781021897810219,0.7527060186950916
2021-08-11,0.7230769230769231,0.7428675350311044
2021-08-12,0.8029197080291971,0.754464760401735
2021-08-13,0.7017543859649122,0.7505487203014845
2021-08-14,0.7299270072992701,0.7514805420129304
2021-08-15,0.7375886524822695,0.746881181987273
2021-08-16,0.7088607594936709,0.7407356191652088
2021-08-17,0.6715686274509803,0.7250994376853176
2021-08-18,0.707196029776675,0.722830738642425
2021-08-19,0.703971119133574,0.7086952259430503
2021-08-20,0.6826923076923077,0.7059720719041067
2021-08-21,0.6593886462882096,0.695895163188241
2021-08-22,0.7053571428571429,0.691290661813223
2021-08-23,0.6824644549763034,0.6875197611678846
2021-08-24,0.6544117647058824,0.6850687807757279
2021-08-25,0.7276785714285714,0.6879948581545702
2021-08-26,0.7531914893617021,0.6950263396157313
2021-08-27,0.6880733944954128,0.6957950663018894
2021-08-28,0.7439024390243902,0.7078684652642008
2021-08-29,0.7224669603524229,0.7103127249063836
2021-08-30,0.7905982905982906,0.7257604157095247
2021-08-31,0.7302325581395349,0.7365919576286178
2021-09-01,0.7314814814814815,0.7371352304933193
2021-09-02,0.8057142857142857,0.744638487115117
2021-09-03,0.785,0.7584851450443438
2021-09-04,0.7431192660550459,0.7583732631915803
2021-09-05,0.7532467532467533,0.7627703764621988
2021-09-06,0.7703703703703704,0.759880673572496
2021-09-07,0.7684729064039408,0.7653435804674112
2021-09-08,0.7439024390243902,0.7671180029735408
2021-09-09,0.7444444444444445,0.7583651685064207
2021-09-10,0.7513513513513513,0.7535582186994709
2021-09-11,0.8095238095238095,0.7630445820521514
2021-09-12,0.8051282051282052,0.770456218035216
2021-09-13,0.7816091954022989,0.7720617644683487
2021-09-14,0.7553956834532374,0.7701935897611053
2021-09-15,0.6971428571428572,0.7635136494923148
2021-09-16,0.7484276729559748,0.7640826821368192
2021-09-17,0.7432432432432432,0.762924380978518
2021-09-18,0.7428571428571429,0.7534005714547085
2021-09-19,0.7732558139534884,0.7488473727154632
2021-09-20,0.8098591549295775,0.7528830812193602
2021-09-21,0.8045112781954887,0.7598995947539675
2021-09-22,0.7663551401869159,0.7697870637602617
2021-09-23,0.7383177570093458,0.7683427900536003
2021-09-24,0.8558558558558559,0.7844303061411165
2021-09-25,0.7398373983739838,0.7839989140720938
2021-09-26,0.7727272727272727,0.7839234081826343
2021-09-27,0.723404255319149,0.7715727082382874
2021-09-28,0.7835051546391752,0.7685718334445283
2021-09-29,0.78125,0.7706996705606831
2021-09-30,0.7570093457943925,0.7733698975299755
2021-10-01,0.8230088495575221,0.768677468058785
2021-10-02,0.8194444444444444,0.7800499032117081
2021-10-03,0.728,0.7736602928220976
2021-10-04,0.7692307692307693,0.7802069376666149
2021-10-05,0.8083333333333333,0.7837538203372089
2021-10-06,0.7692307692307693,0.7820367873701759
2021-10-07,0.6929824561403509,0.77289008884817
2021-10-08,0.8043478260869565,0.7702242283523748
2021-10-09,0.7699115044247787,0.7631480940638512
2021-10-10,0.7094017094017094,0.7604911954069525
2021-10-11,0.7431192660550459,0.7567609806675634
2021-10-12,0.7088607594936709,0.7425506129761831
2021-10-13,0.79,0.745517645943216
2021-10-14,0.821917808219178,0.763936981954477
2021-10-15,0.7358490566037735,0.7541514434568796
2021-10-16,0.8305084745762712,0.7628081534785213
2021-10-17,0.7647058823529411,0.7707087496144115
2021-10-18,0.7974683544303798,0.778472905096602
2021-10-19,0.8701298701298701,0.801511349473202
2021-10-20,0.8191489361702128,0.8056754832118038
2021-10-21,0.75,0.7954015106090642
2021-10-22,0.6779661016949152,0.7871325170506557
2021-10-23,0.7419354838709677,0.7744792326641837
2021-10-24,0.7633136094674556,0.7742803365376859
2021-10-25,0.7538461538461538,0.7680485935970822
2021-10-26,0.8083333333333333,0.7592205169118628
2021-10-27,0.773109243697479,0.7526434179871864
2021-10-28,0.71875,0.7481791322729007
2021-10-29,0.7415730337078652,0.7572658368461792
2021-10-30,0.7216494845360825,0.7543678369411957
2021-10-31,0.7872340425531915,0.7577850416677293
2021-11-01,0.7168674698795181,0.7525023725296386
2021-11-02,0.7707006369426752,0.7471262730452589
2021-11-03,0.8378378378378378,0.7563732150653101
2021-11-04,0.6928571428571428,0.7526742354734733
2021-11-05,0.6928571428571428,0.7457148224947987
2021-11-06,0.8666666666666667,0.7664315627991679
2021-11-07,0.7987804878048781,0.7680810549779802
2021-11-08,0.8582677165354331,0.7882810902145394
2021-11-09,0.7424242424242424,0.7842416052833349
2021-11-10,0.7413793103448276,0.7704618156414762
2021-11-11,0.831858407079646,0.7903191391018339
2021-11-12,0.7704918032786885,0.8014098048763404
2021-11-13,0.8135593220338984,0.7938230413573734
2021-11-14,0.7,0.7797115430995337
2021-11-15,0.8360655737704918,0.7765398084188279
2021-11-16,0.6917293233082706,0.7692976771165461
2021-11-17,0.6540880503144654,0.7568274971122086
2021-11-18,0.7185185185185186,0.740636084460619
2021-11-19,0.7371428571428571,0.7358719492983574
2021-11-20,0.7120418848167539,0.7213694582673368
2021-11-21,0.75,0.728512315410194
2021-11-22,0.762962962962963,0.7180690852948326
2021-11-23,0.7894736842105263,0.7320325654237264
2021-11-24,0.876914559881897,0.7638649239333594
2021-11-25,0.8880070546737213,0.7880775719555313
2021-11-26,0.867173172648677,0.8066533313135055
2021-11-27,0.8453038674033149,0.8256907573973
2021-11-28,0.8174457121825542,0.8353258591376649
2021-11-29,0.7915224913494809,0.8394057917643103
2021-11-30,0.7931341952741864,0.8399287219162616
2021-12-01,0.8211648892534865,0.8319644832550602
2021-12-02,0.6578411405295316,0.7990836383773188
2021-12-03,0.7192224622030238,0.7779478225993683
2021-12-04,0.7239263803680982,0.7606081815943374
2021-12-05,0.7797029702970297,0.7552163613249768
2021-12-06,0.7306501547987616,0.7465203132463026
2021-12-07,0.6990595611285266,0.7330810797969226
2021-12-08,0.7075471698113207,0.7168499770194703
2021-12-09,0.7480519480519481,0.7297372352369583
2021-12-10,0.702576112412178,0.7273591852668375
2021-12-11,0.702,0.7242268452142521
2021-12-12,0.6701030927835051,0.7085697198551771
2021-12-13,0.6992481203007519,0.70408371492689
2021-12-14,0.7461300309597523,0.7108080677599222
2021-12-15,0.7578125,0.7179888292154478
2021-12-16,0.8245614035087719,0.7289187514235655
2021-12-17,0.7811447811447811,0.7401428469567947
2021-12-18,0.7657992565055762,0.7492570264575912
2021-12-19,0.8015267175572519,0.7680318299966978
2021-12-20,0.7787610619469026,0.7793908216604338
2021-12-21,0.7821782178217822,0.7845405626407238
2021-12-22,0.7954545454545454,0.7899179977056588
2021-12-23,0.7874564459930313,0.7846172894891243
2021-12-24,0.7519685039370079,0.780449249888014
2021-12-25,0.8233438485804416,0.7886699058987089
2021-12-26,0.7701863354037267,0.7841927084482053
2021-12-27,0.8288288288288288,0.7913452465741948
2021-12-28,0.8065693430656934,0.7948296930376108
2021-12-29,0.8288288288288288,0.7995974478053656
2021-12-30,0.7978723404255319,0.8010854327242942
2021-12-31,0.8089430894308943,0.8092246592234208
2022-01-01,0.8430769230769231,0.8120436698657753
2022-01-02,0.8385093167701864,0.8218040957752696
2022-01-03,0.7886363636363637,0.8160623150334888
2022-01-04,0.7457627118644068,0.8073756534333051
2022-01-05,0.796969696969697,0.8028243488820005
2022-01-06,0.7843866171003717,0.800897816978406
2022-01-07,0.848,0.8064773756311355
2022-01-08,0.7879746835443038,0.7986056271264755
2022-01-09,0.7806691449814126,0.7903427454423652
2022-01-10,0.7587719298245614,0.7860763977549647
2022-01-11,0.7547169811320755,0.7873555790789174
2022-01-12,0.76,0.7820741937975322
2022-01-13,0.859375,0.7927868199260504
2022-01-14,0.8044692737430168,0.7865681447464814
2022-01-15,0.8220338983050848,0.7914337468551645
2022-01-16,0.8199052132701422,0.7970388994678401
2022-01-17,0.7819148936170213,0.8003450371524773
2022-01-18,0.7934782608695652,0.8058823628292614
2022-01-19,0.8083832335329342,0.8127942533339664
2022-01-20,0.7828571428571428,0.8018631308849867
2022-01-21,0.7696335078534031,0.7968865929007561
2022-01-22,0.7991266375545851,0.7936141270792563
2022-01-23,0.7727272727272727,0.7868744212874177
2022-01-24,0.8385093167701864,0.7949593388807271
2022-01-25,0.7808219178082192,0.7931512898719634
2022-01-26,0.7549668874172185,0.7855203832840039
2022-01-27,0.8531468531468531,0.7955617704682483
2022-01-28,0.8352272727272727,0.8049323083073726
2022-01-29,0.7366071428571429,0.7960009519220236
2022-01-30,0.8333333333333334,0.8046589605800324
2022-01-31,0.8088235294117647,0.8004181338145436
2022-02-01,0.817258883248731,0.8056234145917596
2022-02-02,0.7788944723618091,0.8090416410124153
2022-02-03,0.7766497461928934,0.7981134828761354
2022-02-04,0.7722772277227723,0.7891206193040639
2022-02-05,0.7853881278538812,0.7960893314464551
2022-02-06,0.8647342995169082,0.8005751837583942
2022-02-07,0.7630057803468208,0.7940297910348308
2022-02-08,0.8095238095238095,0.7929247805026992
2022-02-09,0.8243243243243243,0.7994147593544871
2022-02-10,0.8482142857142857,0.8096382650004003
2022-02-11,0.8129032258064516,0.8154419790123545
2022-02-12,0.808641975308642,0.8187639572201775
2022-02-13,0.8092485549132948,0.8108374222768041
2022-02-14,0.7874015748031497,0.8143225357705653
2022-02-15,0.7691029900332226,0.8085481329861958
2022-02-16,0.7164750957854407,0.7931411003377838
2022-02-17,0.7461406518010292,0.77855915263589
2022-02-18,0.7424812030075187,0.768498863664614
2022-02-19,0.8336820083682008,0.772076011244551
2022-02-20,0.8189102564102564,0.7734562543155455
2022-02-21,0.7970204841713222,0.7748303842252844
2022-02-22,0.8042328042328042,0.7798489291109388
2022-02-23,0.8210526315789474,0.7947885770814399
2022-02-24,0.8256410256410256,0.8061457733442964
2022-02-25,0.7855421686746988,0.8122973398681793
2022-02-26,0.8004694835680751,0.8075526934681614
2022-02-27,0.802247191011236,0.8051722555540156
2022-02-28,0.8691358024691358,0.8154744438822746
2022-03-01,0.889937106918239,0.8277179156944797
2022-03-02,0.8269230769230769,0.828556550743641
2022-03-03,0.22438752783964366,0.7426631939148722
2022-03-04,0.2292616226071103,0.6631945444766452
2022-03-05,0.4511201629327902,0.6132874986716045
2022-03-06,0.5694006309148265,0.5800237043721176
2022-03-07,0.6310432569974554,0.5460104835904488
2022-03-08,0.6191860465116279,0.5073317606752187
2022-03-09,0.7640449438202247,0.49834917023195413
2022-03-10,0.7610619469026548,0.5750169443838128
2022-03-11,0.7227272727272728,0.6455120372581218
2022-03-12,0.757085020242915,0.6892213025881395
2022-03-13,0.848780487804878,0.72913271071529
2022-03-14,0.8424657534246576,0.7593359244906043
2022-03-15,0.891566265060241,0.7982473842832635
2022-03-16,0.8732394366197183,0.8138465975403338
2022-03-17,0.8205128205128205,0.8223395794846434
2022-03-18,0.825503355704698,0.8370218770528469
2022-03-19,0.8092485549132948,0.8444738105771868
2022-03-20,0.8947368421052632,0.8510390040486706
2022-03-21,0.8015873015873016,0.8451992252147624
2022-03-22,0.8453237410071942,0.8385931503500414
2022-03-23,0.8355263157894737,0.8332055616600067
2022-03-24,0.8888888888888888,0.8429735714280163
2022-03-25,0.8456375838926175,0.8458498897405763
2022-03-26,0.8324022346368715,0.8491575582725158
2022-03-27,0.8648648648648649,0.8448901329524588
2022-03-28,0.9083333333333333,0.8601395660590347
2022-03-29,0.8571428571428571,0.8618280112212725
2022-03-30,0.8558558558558559,0.8647322312307555
2022-03-31,0.88,0.8634623899609143
2022-04-01,0.8613861386138614,0.8657121834925204
2022-04-02,0.8582089552238806,0.8693988578620934
2022-04-03,0.9145299145299145,0.8764938649571005
2022-04-04,0.8636363636363636,0.8701085835718191
2022-04-05,0.8620689655172413,0.8708123133395882
2022-04-06,0.8058252427184466,0.8636650828913869
2022-04-07,0.925531914893617,0.8701696421619036
2022-04-08,0.8461538461538461,0.8679936003819014
2022-04-09,0.8455284552845529,0.8661821003905689
2022-04-10,0.8956521739130435,0.8634852803024444
2022-04-11,0.8857142857142857,0.866639269170719
2022-04-12,0.8695652173913043,0.8677101622955851
2022-04-13,0.868421052631579,0.8766524208546042
2022-04-14,0.9101123595505618,0.8744496272341676
2022-04-15,0.8627450980392157,0.8768198060749347
2022-04-16,0.8695652173913043,0.8802536292330421
2022-04-17,0.8947368421052632,0.8801228675462163
2022-04-18,0.88,0.8793065410156041
2022-04-19,0.7301587301587301,0.8593913285538077
2022-04-20,0.8545454545454545,0.85740910025579
2022-04-21,0.8066666666666666,0.8426311441295192
2022-04-22,0.8035714285714286,0.8341777627769782
2022-04-23,0.8557213930348259,0.8322000735831955
2022-04-24,0.8324873096446701,0.8233072832316822
2022-04-25,0.8435754189944135,0.8181037716594556
2022-04-26,0.847953216374269,0.8349315554045326
2022-04-27,0.8314606741573034,0.8316337296347968
2022-04-28,0.8793103448275862,0.8420113979434996
2022-04-29,0.8176470588235294,0.8440222022652282
2022-04-30,0.8542713567839196,0.8438150542293844
2022-05-01,0.8405797101449275,0.844971111443707
2022-05-02,0.8702702702702703,0.8487846616259722
2022-05-03,0.8853503184713376,0.8541271047826963
2022-05-04,0.8846153846153846,0.8617206348481365
2022-05-05,0.8766233766233766,0.8613367822475351
2022-05-06,0.9012345679012346,0.8732778549729215
2022-05-07,0.8633540372670807,0.8745753807562303
2022-05-08,0.9055555555555556,0.88385764438632
2022-05-09,0.8549618320610687,0.8816707246421484
2022-05-10,0.8515625,0.8768438934319572
2022-05-11,0.9285714285714286,0.8831233282828208
2022-05-12,0.9381443298969072,0.891912035893325
2022-05-13,0.8823529411764706,0.8892146606469302
2022-05-14,0.8181818181818182,0.8827614864918927
2022-05-15,0.8421052631578947,0.8736971590065127
2022-05-16,0.9,0.8801311829977884
2022-05-17,0.8780487804878049,0.883914937353189
2022-05-18,0.8631578947368421,0.874570146805391
2022-05-19,0.8350515463917526,0.8598426063046548
2022-05-20,0.8958333333333334,0.8617683766127779
2022-05-21,0.801980198019802,0.8594538594467755
2022-05-22,0.9142857142857143,0.8697653524650356
2022-05-23,0.8351648351648352,0.8605031860600121
2022-05-24,0.8829787234042553,0.861207463619505
2022-05-25,0.8611111111111112,0.8609150659586863
2022-05-26,0.8875,0.8684077021884359
2022-05-27,0.8481012658227848,0.8615888354012148
2022-05-28,0.8275862068965517,0.8652468366693219
2022-05-29,0.9484536082474226,0.8701279643781373
2022-05-30,0.8936170212765957,0.8784782766798174
2022-05-31,0.9672131147540983,0.8905117611583663
2022-06-01,0.8873239436619719,0.894256451522775
2022-06-02,0.8356164383561644,0.8868445141450841
2022-06-03,0.8701298701298701,0.8899914576175249
2022-06-04,0.8409090909090909,0.8918947267621734
2022-06-05,0.8421052631578947,0.8767021060350979
2022-06-06,0.8674698795180723,0.8729668000695946
2022-06-07,0.7941176470588235,0.8482388761131269
2022-06-08,0.8591549295774648,0.8442147312439116
2022-06-09,0.8461538461538461,0.8457200752150088
2022-06-10,0.8433734939759037,0.8418977357644424
2022-06-11,0.8428571428571429,0.8421760288998783
2022-06-12,0.8309859154929577,0.8405875506620302
2022-06-13,0.875,0.8416632821594484
2022-06-14,0.9,0.8567893325796164
2022-06-15,0.7807017543859649,0.8455817361236878
2022-06-16,0.8632478632478633,0.8480237385656905
2022-06-17,0.8376068376068376,0.8471999305129666
2022-06-18,0.8768115942028986,0.8520505664195032
2022-06-19,0.8376068376068376,0.8529964124357717
2022-06-20,0.8181818181818182,0.8448795293188887
2022-06-21,0.9090909090909091,0.8461782306175899
2022-06-22,0.8461538461538461,0.855528529441573
2022-06-23,0.8017241379310345,0.8467394258248832
2022-06-24,0.8333333333333334,0.8461289252143825
2022-06-25,0.8031088082901554,0.8355999557982764
2022-06-26,0.8032786885245902,0.8306959345008124
2022-06-27,0.8789808917197452,0.839381516434802
2022-06-28,0.8506493506493507,0.8310327223717222
2022-06-29,0.9171974522292994,0.8411818089539297
2022-06-30,0.8581560283687943,0.8492435075878955
2022-07-01,0.845679012345679,0.8510071760182305
2022-07-02,0.8709677419354839,0.8607013093961345
2022-07-03,0.8351648351648352,0.865256473201884
2022-07-04,0.898876404494382,0.8680986893125463
2022-07-05,0.8152173913043478,0.8630369808346888
2022-07-06,0.8167539267015707,0.8486879057592989
2022-07-07,0.8904109589041096,0.8532957529786298
2022-07-08,0.8888888888888888,0.8594685924848026
2022-07-09,0.8787878787878788,0.8605857548922876
2022-07-10,0.869281045751634,0.8654594992618302
2022-07-11,0.8796992481203008,0.8627199054941043
2022-07-12,0.8823529411764706,0.872310698332979
2022-07-13,0.8275862068965517,0.873858166932262
2022-07-14,0.8879310344827587,0.8735038920149262
2022-07-15,0.9108910891089109,0.8766470634749294
2022-07-16,0.8615384615384616,0.874182861010727
2022-07-17,0.8360655737704918,0.8694377935848493
2022-07-18,0.8290598290598291,0.8622035908619249
2022-07-19,0.8916666666666667,0.8635341230748101
2022-07-20,0.88,0.8710218078038742
2022-07-21,0.8817204301075269,0.8701345786074125
2022-07-22,0.8442622950819673,0.8606161794607062
2022-07-23,0.7843137254901961,0.8495840743109541
2022-07-24,0.8306451612903226,0.8488097296709298
2022-07-25,0.8,0.8446583255195257
2022-07-26,0.875,0.8422773731385733
2022-07-27,0.8522727272727273,0.8383163341775343
2022-07-28,0.8584905660377359,0.8349977821675642
2022-07-29,0.8990825688073395,0.8428292498426172
2022-07-30,0.9134615384615384,0.861278937409952
2022-07-31,0.88,0.8683296286541917
2022-08-01,0.8461538461538461,0.8749230352475982
2022-08-02,0.8709677419354839,0.8743469983812387
2022-08-03,0.9489795918367347,0.8881622647475256
2022-08-04,0.872093023255814,0.8901054729215366
2022-08-05,0.8651685393258427,0.8852606115670371
2022-08-06,0.8596491228070176,0.8775731236163914
2022-08-07,0.9032258064516129,0.8808910959666216
2022-08-08,0.8,0.8742976893732151
2022-08-09,0.7808219178082192,0.8614197144978916
2022-08-10,0.815068493150685,0.8422895575427416
2022-08-11,0.9349112426035503,0.8512635888781325
2022-08-12,0.8554216867469879,0.8498711813668675
2022-08-13,0.9,0.8556355923944364
2022-08-14,0.8988095238095238,0.855004694874138
2022-08-15,0.8411764705882353,0.8608870478153146
2022-08-16,0.8828125,0.8754571309855689
2022-08-17,0.9,0.887590203392614
2022-08-18,0.8925619834710744,0.8815403092308317
2022-08-19,0.8778625954198473,0.8847461533269545
2022-08-20,0.9084507042253521,0.885953396787719
2022-08-21,0.9139072847682119,0.8881102197818173
2022-08-22,0.9150943396226415,0.8986699153581611
2022-08-23,0.8653846153846154,0.8961802175559631
2022-08-24,0.8695652173913043,0.8918323914690067
2022-08-25,0.8909090909090909,0.8915962639601519
2022-08-26,0.8695652173913043,0.8904109242417887
2022-08-27,0.9009009009009009,0.8893323809097241
2022-08-28,0.9345794392523364,0.8922855458360276
2022-08-29,0.8584905660377359,0.8841992924667554
2022-08-30,0.8953488372093024,0.8884798955845679
2022-08-31,0.8913043478260869,0.8915854856466796
2022-09-01,0.9027777777777778,0.8932810123422064
2022-09-02,0.875,0.8940574098577343
2022-09-03,0.9074074074074074,0.8949869107872352
2022-09-04,0.8543689320388349,0.8835282668995922
2022-09-05,0.8640776699029126,0.8843264245946175
2022-09-06,0.8769716088328076,0.8817011062551182
2022-09-07,0.8489932885906041,0.8756566692214778
2022-09-08,0.9020618556701031,0.8755543946346671
2022-09-09,0.8491620111731844,0.8718632533736935
2022-09-10,0.8531073446327684,0.864106101548745
2022-09-11,0.8342245989304813,0.861228339676123
2022-09-12,0.8454545454545455,0.8585678933263564
2022-09-13,0.8099547511312217,0.848994056511844
2022-09-14,0.8929503916449086,0.855273642662459
2022-09-15,0.8637316561844863,0.8497978998787995
2022-09-16,0.8730769230769231,0.8532143158650479
2022-09-17,0.8895434462444771,0.858419473238149
2022-09-18,0.9033018867924528,0.8682876572184307
2022-09-19,0.8697225572979493,0.8717545160532028
2022-09-20,0.8993630573248408,0.8845271312237198
2022-09-21,0.8936430317848411,0.8846260798151386
2022-09-22,0.8826466916354557,0.8873282277367057
2022-09-23,0.8843995510662177,0.8889457460208906
2022-09-24,0.8895027624309392,0.8889399340475281
2022-09-25,0.9019264448336253,0.8887434423391242
2022-09-26,0.9084577114427861,0.8942770357883865
2022-09-27,0.9174418604651163,0.896859721951283
2022-09-28,0.9116564417177914,0.8994330662274187
2022-09-29,0.9141742522756827,0.903937003461737
2022-09-30,0.9092055485498108,0.9074807173879645
2022-10-01,0.9313154831199069,0.9134539632006742
2022-10-02,0.9360341151385928,0.9183264875299554
2022-10-03,0.9330453563714903,0.9218390082340561
2022-10-04,0.9240875912408759,0.9227883983448787
2022-10-05,0.8936567164179104,0.9202170090163243
2022-10-06,0.9132947976878613,0.9200913726466354
2022-10-07,0.9068825910931174,0.9197595215813937
2022-10-08,0.897887323943662,0.9149840702705015
2022-10-09,0.9257142857142857,0.9135098089241718
2022-10-10,0.931350114416476,0.9132676315020269
2022-10-11,0.9138321995464853,0.9118025755456856
2022-10-12,0.9393139841688655,0.9183250423672504
2022-10-13,0.927461139896373,0.920348805539895
2022-10-14,0.901565995525727,0.9195892918874106
2022-10-15,0.8842105263157894,0.9176354636548574
2022-10-16,0.8982683982683982,0.9137146225911593
2022-10-17,0.9063444108761329,0.910142379228253
2022-10-18,0.9335260115606936,0.9129557809445685
2022-10-19,0.9134615384615384,0.9092625744149504
2022-10-20,0.9014925373134328,0.905552774045959
2022-10-21,0.8888888888888888,0.9037417588121249
2022-10-22,0.9183673469387755,0.9086213046154086
2022-10-23,0.9309309309309309,0.9132873807100561
2022-10-24,0.9118773946360154,0.9140778069614679
2022-10-25,0.8932384341637011,0.9083224387618974
2022-10-26,0.8956521739130435,0.9057782438263983
2022-10-27,0.9230769230769231,0.908861727506897
2022-10-28,0.9058823529411765,0.9112893652286523
2022-10-29,0.8829787234042553,0.9062338475808637
2022-10-30,0.8977695167286245,0.9014965026948198
2022-10-31,0.8955512572533849,0.8991641973544441
2022-11-01,0.9177489177489178,0.9026656950094752
2022-11-02,0.9139784946236559,0.9052837408252769
2022-11-03,0.9044444444444445,0.9026219581634941
2022-11-04,0.8886138613861386,0.9001550307984888
2022-11-05,0.9097222222222222,0.903975530629627
2022-11-06,0.9325842696629213,0.908949066763098
2022-11-07,0.8877284595300261,0.9078315242311895
2022-11-08,0.919047619047619,0.9080170529881467
2022-11-09,0.9215189873417722,0.909094266233592
2022-11-10,0.9355828220858896,0.9135426058966557
2022-11-11,0.9287833827893175,0.9192811089542526
2022-11-12,0.9302325581395349,0.9222111569424402
2022-11-13,0.9057750759878419,0.9183812721317144
2022-11-14,0.9386281588447654,0.9256526577481059
2022-11-15,0.872791519434629,0.9190446435176786
2022-11-16,0.9099099099099099,0.9173862038845554
2022-11-17,0.8868778280542986,0.9104283475943281
2022-11-18,0.9217391304347826,0.9094220258293947
2022-11-19,0.896551724137931,0.9046104781148797
2022-11-20,0.9067164179104478,0.9047449555323948
2022-11-21,0.9038461538461539,0.8997760976754503
2022-11-22,0.9680715197956578,0.9133875262984544
2022-11-23,0.9619238476953907,0.9208180888392373
2022-11-24,0.9558558558558559,0.9306720928108885
2022-11-25,0.951063829787234,0.9348613355755244
2022-11-26,0.9467570183930301,0.94203352046911
2022-11-27,0.9308565531475749,0.9454821112172711
2022-11-28,0.9441747572815534,0.951243340279471
2022-11-29,0.9445350734094616,0.9478809907957287
2022-11-30,0.907035175879397,0.9400397519648724
2022-12-01,0.9159663865546218,0.9343412563504104
2022-12-02,0.9138888888888889,0.9290305505077897
2022-12-03,0.9215686274509803,0.9254322089446397
2022-12-04,0.9209809264305178,0.9240214051279173
2022-12-05,0.927536231884058,0.921644472928275
2022-12-06,0.9074074074074074,0.9163405206422672
2022-12-07,0.9404255319148936,0.9211105715044811
2022-12-08,0.9266666666666666,0.9226391829490589
2022-12-09,0.9081967213114754,0.9218260161522857
2022-12-10,0.9058823529411765,0.9195851197937422
2022-12-11,0.8773584905660378,0.9133533432416735
2022-12-12,0.8837209302325582,0.9070940144343166
2022-12-13,0.8888888888888888,0.9044485117888138
2022-12-14,0.8975265017667845,0.8983200789105126
2022-12-15,0.9153094462540716,0.8966976188515704
2022-12-16,0.9288025889967637,0.8996413142351829
2022-12-17,0.9351851851851852,0.9038274331271843
2022-12-18,0.8904593639575972,0.9056989864688356
2022-12-19,0.9162995594713657,0.9103530763600938
2022-12-20,0.8964285714285715,0.9114301738657627
2022-12-21,0.95703125,0.9199308521847935
2022-12-22,0.9309309309309309,0.9221624928529163
2022-12-23,0.8756218905472637,0.9145652502172734
2022-12-24,0.9166666666666666,0.9119197475717709
2022-12-25,0.8930957683741648,0.9122963767741377
2022-12-26,0.9057815845824411,0.9107938089328628
2022-12-27,0.9339805825242719,0.9161583819465342
2022-12-28,0.9262759924385633,0.9117647737234718
2022-12-29,0.8962818003913894,0.9068148979321087
2022-12-30,0.910828025477707,0.9118443457793148
2022-12-31,0.9277899343544858,0.9134333840204318
2023-01-01,0.898635477582846,0.9142247710502434
2023-01-02,0.8835341365461847,0.9110465641879212
2023-01-03,0.8385321100917431,0.8974110681261314
2023-01-04,0.8397212543554007,0.8850461055428225
2023-01-05,0.8174846625766872,0.8737893715692936
2023-01-06,0.8089500860585198,0.8592353802236953
2023-01-07,0.8037865748709122,0.841520614583185
2023-01-08,0.8212058212058212,0.8304592351007527
2023-01-09,0.8193069306930693,0.8212839199788791
2023-01-10,0.8919753086419753,0.8289186626289122
2023-01-11,0.8688524590163934,0.8330802632947683
2023-01-12,0.9050847457627119,0.8455945608927717
2023-01-13,0.9157894736842105,0.8608573305535848
2023-01-14,0.9161290322580645,0.8769062530374637
2023-01-15,0.9127725856697819,0.8899872193894581
2023-01-16,0.8892857142857142,0.8999841884741216
2023-01-17,0.8797250859106529,0.8982341566553613
2023-01-18,0.8862068965517241,0.9007133620175515
2023-01-19,0.9107142857142857,0.9015175820106335
2023-01-20,0.916923076923077,0.9016795253304714
2023-01-21,0.9236842105263158,0.9027588365116502
2023-01-22,0.9004629629629629,0.9010003189821046
2023-01-23,0.8872180451127819,0.9007049376716857
2023-01-24,0.9193083573487032,0.9063596907342644
2023-01-25,0.902027027027027,0.9086197093735934
2023-01-26,0.8997429305912596,0.9070523729274468
2023-01-27,0.9064516129032258,0.9055564494960395
2023-01-28,0.919889502762431,0.905014348386913
2023-01-29,0.9108910891089109,0.9065040806934771
2023-01-30,0.9498069498069498,0.9154453527926439
2023-01-31,0.8867132867132868,0.9107889141304416
2023-02-01,0.8184143222506394,0.8988442420195291
2023-02-02,0.8376623376623377,0.8899755858868258
2023-02-03,0.8272058823529411,0.8786547672367853
2023-02-04,0.879746835443038,0.872920100476872
2023-02-05,0.8251533742331288,0.8606718554946173
2023-02-06,0.8644859813084113,0.848483145709112
2023-02-07,0.882051282051282,0.8478171450431111
2023-02-08,0.8833333333333333,0.857091289483496
2023-02-09,0.885,0.8638538126745907
2023-02-10,0.883495145631068,0.8718951360000374
2023-02-11,0.8497854077253219,0.8676149320403637
2023-02-12,0.8987341772151899,0.8781264753235151
2023-02-13,0.8736842105263158,0.8794405080689301
2023-02-14,0.8513513513513513,0.8750548036832259
2023-02-15,0.8869047619047619,0.8755650077648583
2023-02-16,0.8994974874371859,0.8776360773987422
2023-02-17,0.9057591623036649,0.880816651209113
2023-02-18,0.8859649122807017,0.8859851518598817
2023-02-19,0.8870967741935484,0.8843226657139329
2023-02-20,0.9101796407185628,0.8895362985985396
2023-02-21,0.8976377952755905,0.8961486477305739
2023-02-22,0.8860759493670886,0.8960302459394774
2023-02-23,0.934640522875817,0.9010506795735677
2023-02-24,0.8770949720670391,0.8969557952540497
2023-02-25,0.888268156424581,0.8972848301317466
2023-02-26,0.9171270718232044,0.9015748726502691
2023-02-27,0.9178082191780822,0.9026646695730575
2023-02-28,0.8979591836734694,0.9027105822013259
2023-03-01,0.95,0.9118425894345991
2023-03-02,0.8666666666666667,0.9021320385475775
2023-03-03,0.88,0.9025470425380006
2023-03-04,0.8804347826086957,0.9014279891357313
2023-03-05,0.8807947019867549,0.8962376505876669
2023-03-06,0.8849557522123894,0.8915444410211394
2023-03-07,0.9047619047619048,0.8925162583194873
2023-03-08,0.9,0.8853734011766302
2023-03-09,0.853448275862069,0.8834850596331163
2023-03-10,0.8951612903225806,0.8856509582506279
2023-03-11,0.9293478260869565,0.8926385358903792
2023-03-12,0.849624060150376,0.8881855870566108
2023-03-13,0.9083333333333333,0.8915252415024602
2023-03-14,0.9083969465648855,0.8920445331886001
2023-03-15,0.9411764705882353,0.8979268861297766
2023-03-16,0.948051948051948,0.9114416964426165
2023-03-17,0.8879668049792531,0.910413912822141
2023-03-18,0.8777777777777778,0.9030467630636869
2023-03-19,0.8981818181818182,0.9099835856396074
2023-03-20,0.8565022421524664,0.9025791440423406
2023-03-21,0.9039301310043668,0.9019410275336951
2023-03-22,0.8807339449541285,0.893306381014537
2023-03-23,0.8928571428571429,0.8854214088438505
2023-03-24,0.8837209302325582,0.8848148553086084
2023-03-25,0.8088235294117647,0.8749642483991779
2023-03-26,0.897196261682243,0.8748234546135244
2023-03-27,0.8596491228070176,0.875273008992746
2023-03-28,0.8922155688622755,0.8735995001153043
2023-03-29,0.9379310344827586,0.8817705129051087
2023-03-30,0.8918918918918919,0.8816326199100727
2023-03-31,0.9337349397590361,0.8887774784138553
2023-04-01,0.8838383838383839,0.8994938861890868
2023-04-02,0.8858447488584474,0.897872241499973
2023-04-03,0.8733333333333333,0.8998271287180181
2023-04-04,0.9214659685863874,0.9040057572500341
2023-04-05,0.8503401360544217,0.8914927717602718
2023-04-06,0.9647887323943662,0.901906606117768
2023-04-07,0.898989898989899,0.8969430288650342
2023-04-08,0.9035532994923858,0.8997594453870343
2023-04-09,0.9105263157894737,0.9032853835200382
2023-04-10,0.8741721854304636,0.903405219533914
2023-04-11,0.6854663774403471,0.8696909922273367
2023-04-12,0.7402135231316725,0.8539586189526583
2023-04-13,0.7961538461538461,0.8298679209182983
2023-04-14,0.7671232876712328,0.8110298335870603
2023-04-15,0.7572254335260116,0.7901258527347211
2023-04-16,0.7947976878612717,0.7735931916021208
2023-04-17,0.8214285714285714,0.7660583896018505
2023-04-18,0.8075471698113208,0.7834985027977038
2023-04-19,0.8292682926829268,0.7962206127335972
2023-04-20,0.7705479452054794,0.7925626268838306
2023-04-21,0.825503355704698,0.8009026366028972
2023-04-22,0.8412698412698413,0.8129089805663012
2023-04-23,0.8705035971223022,0.8237241104607342
2023-04-24,0.8760683760683761,0.8315297968378493
2023-04-25,0.8511627906976744,0.837760599821614
2023-04-26,0.8469945355191257,0.8402929202267854
2023-04-27,0.9095744680851063,0.860153852066732
2023-04-28,0.8826530612244898,0.8683180957124165
2023-04-29,0.8708133971291866,0.8725386036923231
2023-04-30,0.8840579710144928,0.8744749428197788
2023-05-01,0.8958333333333334,0.8772985081433441
2023-05-02,0.8924731182795699,0.8831999835121864
2023-05-03,0.8235294117647058,0.8798478229758407
2023-05-04,0.8791946308724832,0.8755078462311803
2023-05-05,0.8657718120805369,0.8730962392106155
2023-05-06,0.8631578947368421,0.8720025960117093
2023-05-07,0.8695652173913043,0.8699322026369679
2023-05-08,0.8846153846153846,0.8683296385344039
2023-05-09,0.9166666666666666,0.8717858597325606
2023-05-10,0.8828125,0.8802548723376026
2023-05-11,0.9051724137931034,0.8839659841834054
2023-05-12,0.8802816901408451,0.8860388239063066
2023-05-13,0.8904109589041096,0.8899321187873447
2023-05-14,0.8796992481203008,0.8913798374629157
2023-05-15,0.8807339449541285,0.8908253460827362
2023-05-16,0.888,0.8867301079874981
2023-05-17,0.9351851851851852,0.8942119201568104
2023-05-18,0.9,0.8934730039006527
2023-05-19,0.8861788617886179,0.8943154569931917
2023-05-20,0.8936170212765957,0.8947734659035469
2023-05-21,0.9014084507042254,0.8978747805583932
2023-05-22,0.8560606060606061,0.8943500178593187
2023-05-23,0.9024390243902439,0.8964127356293535
2023-05-24,0.9243697478991597,0.8948676731599212
2023-05-25,0.9316239316239316,0.8993853776776258
2023-05-26,0.8907563025210085,0.9000392977822529
2023-05-27,0.869281045751634,0.8965627298501156
2023-05-28,0.88,0.893504379749512
2023-05-29,0.8253968253968254,0.8891238396546861
2023-05-30,0.8932038834951457,0.8878045338125293
2023-05-31,0.865979381443299,0.8794630528902634
2023-06-01,0.9215686274509803,0.8780265808655561
2023-06-02,0.9029126213592233,0.8797631978424441
2023-06-03,0.9347826086956522,0.8891205639773038
2023-06-04,0.8837209302325582,0.8896521254390978
2023-06-05,0.8947368421052632,0.8995578421117317
2023-06-06,0.8938053097345132,0.899643760145927
2023-06-07,0.8725490196078431,0.9005822798837191
2023-06-08,0.9272727272727272,0.9013971512868257
2023-06-09,0.90625,0.9018739196640795
2023-06-10,0.9298245614035088,0.9011656271937734
2023-06-11,0.7846715328467153,0.8870157132815101
2023-06-12,0.6204188481675392,0.8478274284332639
2023-06-13,0.7295597484276729,0.824363776818001
2023-06-14,0.771551724137931,0.8099355917508707
2023-06-15,0.8450184501845018,0.7981849807382672
2023-06-16,0.8239700374531835,0.7864307003744361
2023-06-17,0.8345588235294118,0.772821309249565
2023-06-18,0.8612903225806452,0.7837668506401265
2023-06-19,0.8875968992248062,0.8219351436483074
2023-06-20,0.9209876543209876,0.8492819873473525
2023-06-21,0.8846153846153846,0.8654339388441316
2023-06-22,0.9041666666666667,0.8738836840558692
2023-06-23,0.8976377952755905,0.8844076494590704
2023-06-24,0.881578947368421,0.8911248100075003
2023-06-25,0.908745247148289,0.8979040849457351
2023-06-26,0.8536585365853658,0.8930557474258151
2023-06-27,0.8854166666666666,0.8879741777609121
2023-06-28,0.8777777777777778,0.886997376784111
2023-06-29,0.8675213675213675,0.8817623340490685
2023-06-30,0.8526315789473684,0.8753328745736081
2023-07-01,0.8621794871794872,0.872561523118046
2023-07-02,0.9029411764705882,0.8717323701640888
2023-07-03,0.8939929328621908,0.8774944267750637
2023-07-04,0.8777777777777778,0.876403156933794
2023-07-05,0.9,0.8795777601083972
2023-07-06,0.89272030651341,0.8831776085358317
2023-07-07,0.8951048951048951,0.8892452251297642
2023-07-08,0.8496732026143791,0.8874586130490344
2023-07-09,0.9006410256410257,0.8871300200733826
2023-07-10,0.9083665338645418,0.8891833916451471
2023-07-11,0.8932038834951457,0.8913871210333425
2023-07-12,0.932,0.895958549604771
2023-07-13,0.8947368421052632,0.896246626117893
2023-07-14,0.9178082191780822,0.8994899581283482
2023-07-15,0.9014925373134328,0.9068927202282131
2023-07-16,0.8926174496644296,0.9057464950886994
2023-07-17,0.9122137404580153,0.9062960960306242
2023-07-18,0.8944954128440367,0.9064806002233228
2023-07-19,0.9404255319148936,0.9076842476397362
2023-07-20,0.8837209302325582,0.9061105459436354
2023-07-21,0.9371428571428572,0.9088726370814604
2023-07-22,0.9302325581395349,0.9129783543423322
2023-07-23,0.923469387755102,0.9173857740695711
2023-07-24,0.9375,0.9209980968612832
2023-07-25,0.9202453987730062,0.9246766662797075
2023-07-26,0.9148936170212766,0.9210292498663336
2023-07-27,0.9101796407185628,0.9248090656500485
2023-07-28,0.8882978723404256,0.9178312106782726
2023-07-29,0.9090909090909091,0.9148109750998975
2023-07-30,0.9322916666666666,0.9160713006586924
2023-07-31,0.9361702127659575,0.9158813310538292
2023-08-01,0.9464285714285714,0.9196217842903385
2023-08-02,0.9461077844311377,0.9240809510631758
2023-08-03,0.9259259259259259,0.9263304203785133
2023-08-04,0.9177215189873418,0.93053379847093
2023-08-05,0.9133333333333333,0.9311398590769906
2023-08-06,0.8693181818181818,0.9221436469557786
2023-08-07,0.9276315789473685,0.9209238421245516
2023-08-08,0.910958904109589,0.9158567467932685
2023-08-09,0.94375,0.9155199204459629
2023-08-10,0.9103448275862069,0.9132940492545745
2023-08-11,0.9285714285714286,0.9148440363380155
2023-08-12,0.9137055837563451,0.9148972149698743
2023-08-13,0.8924731182795699,0.9182050630357869
2023-08-14,0.9411764705882353,0.9201400475559106
2023-08-15,0.8738738738738738,0.9148421860936656
2023-08-16,0.9029535864978903,0.9090141270219357
2023-08-17,0.8860294117647058,0.9055404961902926
2023-08-18,0.8872180451127819,0.8996328699819145
2023-08-19,0.8838526912181303,0.8953681710478839
2023-08-20,0.9026128266033254,0.8968167008084205
2023-08-21,0.9096989966555183,0.8923199188180322
2023-08-22,0.8902439024390244,0.8946584943273396
2023-08-23,0.8739255014326648,0.8905116250323074
2023-08-24,0.8865030674846626,0.8905792901351582
2023-08-25,0.8928571428571429,0.8913848755272099
2023-08-26,0.9150326797385621,0.8958391596015572
2023-08-27,0.9169811320754717,0.8978917746690067
2023-08-28,0.919732441471572,0.8993251239284429
2023-08-29,0.9260700389105059,0.9044431434243688
2023-08-30,0.9272727272727272,0.9120641756872351
2023-08-31,0.9264705882352942,0.9177738215087538
2023-09-01,0.8984375,0.9185710153863047
2023-09-02,0.916058394160584,0.918717546018022
2023-09-03,0.9,0.9162916700072404
2023-09-04,0.9345794392523364,0.9184126696902067
2023-09-05,0.9414225941422594,0.9206058918661716
2023-09-06,0.9274193548387096,0.9206268386613118
2023-09-07,0.918918918918919,0.9195480287589727
2023-09-08,0.9364406779661016,0.9249770541827014
2023-09-09,0.925,0.9262544264454752
2023-09-10,0.9213973799126638,0.9293111950044272
2023-09-11,0.9212962962962963,0.9274136031535642
2023-09-12,0.922077922077922,0.9246500785729446
2023-09-13,0.9323671497584541,0.9253569064186224
2023-09-14,0.9230769230769231,0.925950907012623
2023-09-15,0.9159663865546218,0.9230260082395544
2023-09-16,0.9157894736842105,0.9217102187658702
2023-09-17,0.9236363636363636,0.9220300735835416
2023-09-18,0.9521739130434783,0.926441161690282
2023-09-19,0.9313725490196079,0.9277689655390942
2023-09-20,0.9239373601789709,0.9265647098848824
2023-09-21,0.8824476650563607,0.920760530167659
2023-09-22,0.8273858921161825,0.9081061738193107
2023-09-23,0.8378594249201278,0.896973309710156
2023-09-24,0.8778135048231511,0.8904271870225541
2023-09-25,0.8837719298245614,0.8806554751341374
2023-09-26,0.8792120269569725,0.8732039719823325
2023-09-27,0.883456128600134,0.8674209388996414
2023-09-28,0.8649885583524027,0.864926780799076
2023-09-29,0.8774617067833698,0.8720804686086742
2023-09-30,0.8973829201101928,0.8805838250643978
2023-10-01,0.9090909090909091,0.8850520256740776
2023-10-02,0.8968133535660091,0.8869150862085701
2023-10-03,0.9027895181741336,0.890283299239593
2023-10-04,0.9265486725663716,0.8964393769490556
2023-10-05,0.8806941431670282,0.8986830319225734
2023-10-06,0.8857368006304176,0.8998651881864373
2023-10-07,0.900359066427289,0.9002903519460226
2023-10-08,0.9243295019157088,0.9024672937781367
2023-10-09,0.9234393404004712,0.90627100618306
2023-10-10,0.9062918340026773,0.906771337015709
2023-10-11,0.9186390532544378,0.9056413913997184
2023-10-12,0.924357034795764,0.9118789473466808
2023-10-13,0.9321533923303835,0.9185098890181046
2023-10-14,0.9290586630286494,0.9226098313897274
2023-10-15,0.9368131868131868,0.92439321494651
2023-10-16,0.9206896551724137,0.9240004027710732
2023-10-17,0.9301848049281314,0.9274136843318525
2023-10-18,0.9306930693069307,0.9291356866250657
2023-10-19,0.9277899343544858,0.9296261008477401
2023-10-20,0.9428571428571428,0.9311552080658486
2023-10-21,0.9296028880866426,0.9312329545027048
2023-10-22,0.9348230912476723,0.9309486551362027
2023-10-23,0.9135802469135802,0.9299330253849408
2023-10-24,0.9285714285714286,0.929702543048269
2023-10-25,0.9281767955801105,0.9293430753730089
2023-10-26,0.9462209302325582,0.9319760747841622
2023-10-27,0.9321266968325792,0.9304431539235102
2023-10-28,0.9146608315098468,0.9283085744125393
2023-10-29,0.9497607655502392,0.9304425278843347
2023-10-30,0.9381107491856677,0.9339468853517757
2023-10-31,0.939873417721519,0.9355614552303602
2023-11-01,0.923728813559322,0.9349260292273903
2023-11-02,0.9247311827956989,0.931856065307839
2023-11-03,0.926829268292683,0.9310992898021395
2023-11-04,0.9322381930184805,0.93361034144623
2023-11-05,0.9291845493562232,0.930670881989942
2023-11-06,0.9318181818181818,0.9297719437945869
2023-11-07,0.9439252336448598,0.9303507746407785
2023-11-08,0.9508771929824561,0.934229114558369
2023-11-09,0.9407665505226481,0.9365198813765047
2023-11-10,0.9134328358208955,0.9346061053091065
2023-11-11,0.9451073985680191,0.9364445632447548
2023-11-12,0.9191176470588235,0.9350064343451263
2023-11-13,0.922077922077922,0.9336149686679464
2023-11-14,0.9343629343629344,0.9322489259133856
2023-11-15,0.94,0.9306950412016061
2023-11-16,0.9402985074626866,0.9306281779073258
2023-11-17,0.8768115942028986,0.9253965719618977
2023-11-18,0.9442724458204335,0.9252772929979569
2023-11-19,0.9552238805970149,0.9304353263605557
2023-11-20,0.9442231075697212,0.9335989242879555
2023-11-21,0.9473684210526315,0.9354568509579123
2023-11-22,0.9186295503211992,0.9324039295752264
2023-11-23,0.9153318077803204,0.9288372581920313
2023-11-24,0.925,0.9357213161630458
2023-11-25,0.9312169312169312,0.9338562426482598
2023-11-26,0.9222011385199241,0.9291387080658183
2023-11-27,0.9248434237995825,0.9263701818129413
2023-11-28,0.9333333333333333,0.9243651692816129
2023-11-29,0.9441489361702128,0.9280107958314722
2023-11-30,0.9271523178807947,0.9296994401315397
2023-12-01,0.949874686716792,0.9332529668053672
2023-12-02,0.926829268292683,0.9326261578161888
2023-12-03,0.9448123620309051,0.935856332603472
2023-12-04,0.9526748971193416,0.9398322573634375
2023-12-05,0.9273127753303965,0.9389721776487322
2023-12-06,0.8870967741935484,0.930821868794923
2023-12-07,0.9128712871287129,0.9287817215446257
2023-12-08,0.8931698774080561,0.9206810345005205
2023-12-09,0.9007518796992481,0.916955693272887
2023-12-10,0.9162929745889388,0.9128814950668918
2023-12-11,0.9390018484288355,0.9109282023968195
2023-12-12,0.9311023622047244,0.9114695719502949
2023-12-13,0.9417670682730924,0.9192796139616582
2023-12-14,0.9435665914221218,0.9236646574321453
2023-12-15,0.9213483146067416,0.927690148460529
2023-12-16,0.9441117764471058,0.9338844194245086
2023-12-17,0.9347826086956522,0.9365257957254677
2023-12-18,0.934010152284264,0.9358126962762432
2023-12-19,0.92,0.9342266445327112
2023-12-20,0.9472140762463344,0.9350047885288886
2023-12-21,0.941031941031941,0.9346426956160057
2023-12-22,0.9313131313131313,0.9360662408597756
2023-12-23,0.9089316987740805,0.9310405154779148
2023-12-24,0.9333333333333333,0.9308334761404407
2023-12-25,0.930841121495327,0.9303807574563068
2023-12-26,0.9012345679012346,0.9276999814421975
2023-12-27,0.915282392026578,0.9231383122679465
2023-12-28,0.920774647887324,0.920244413247287
2023-12-29,0.9453717754172989,0.9222527909764537
2023-12-30,0.9255014326647565,0.9246198958179789
2023-12-31,0.9201954397394136,0.9227430538759903
2024-01-01,0.9581151832460733,0.9266393484118113
2024-01-02,0.9193548387096774,0.929227958527303
2024-01-03,0.9505962521294719,0.9342727956848593
2024-01-04,0.9384328358208955,0.9367953939610839
2024-01-05,0.9323017408123792,0.9349282461603811
2024-01-06,0.9458041958041958,0.9378286408945867
2024-01-07,0.9300184162062615,0.9392319232469936
2024-01-08,0.9471264367816092,0.9376621023234986
2024-01-09,0.9517766497461929,0.9422937896144294
2024-01-10,0.9454022988505747,0.9415517962888728
2024-01-11,0.9439775910364145,0.9423439041768039
2024-01-12,0.9390243902439024,0.9433042826670216
2024-01-13,0.9493087557603687,0.943804934089332
2024-01-14,0.9439024390243902,0.9457883659204933
2024-01-15,0.926208651399491,0.9428001108659049
2024-01-16,0.9409937888198758,0.9412597021621453
2024-01-17,0.935064935064935,0.9397829359070541
2024-01-18,0.9285714285714286,0.9375820555549131
2024-01-19,0.9169139465875371,0.9344234207468609
2024-01-20,0.9361702127659575,0.9325464860333736
2024-01-21,0.948948948948949,0.9332674160225963
2024-01-22,0.9352750809061489,0.9345626202378331
2024-01-23,0.9252669039145908,0.9323159223942209
2024-01-24,0.9365671641791045,0.932530526553388
2024-01-25,0.978494623655914,0.9396624115654575
2024-01-26,0.943609022556391,0.9434759938467223
2024-01-27,0.9305993690851735,0.9426801590351817
2024-01-28,0.9391891891891891,0.9412859076409302
2024-01-29,0.940959409594096,0.9420979545963514
2024-01-30,0.9525862068965517,0.9460007121652029
2024-01-31,0.9488272921108742,0.9477521590125983
2024-02-01,0.9387755102040817,0.942077999948051
2024-02-02,0.9426751592356688,0.9419445909022335
2024-02-03,0.9159663865546218,0.9398541648264406
2024-02-04,0.9220338983050848,0.9374034089858541
2024-02-05,0.9363295880149812,0.9367420059031234
2024-02-06,0.9367088607594937,0.9344738135978294
2024-02-07,0.9117647058823529,0.9291791584223265
2024-02-08,0.9349593495934959,0.9286339926208141
2024-02-09,0.9261992619926199,0.9262802930146643
2024-02-10,0.9129213483146067,0.9258452875518051
2024-02-11,0.8857142857142857,0.9206567714674051
2024-02-12,0.9293478260869565,0.9196593769062588
2024-02-13,0.9344262295081968,0.9193332867275021
2024-02-14,0.9555555555555556,0.9255891223951025
2024-02-15,0.9348441926345609,0.925572671400969
2024-02-16,0.9277389277389277,0.9257926236504413
2024-02-17,0.927765237020316,0.9279131791798284
2024-02-18,0.95,0.9370968526492163
2024-02-19,0.921832884097035,0.9360232895077988
2024-02-20,0.9351851851851852,0.9361317117473685
2024-02-21,0.9388379204892966,0.9337434781664744
2024-02-22,0.9367469879518072,0.9340153060689381
2024-02-23,0.9273255813953488,0.9339562565912842
2024-02-24,0.9553571428571429,0.9378979574251165
2024-02-25,0.9530791788856305,0.9383378401230636
2024-02-26,0.9367088607594937,0.9404629796462721
2024-02-27,0.9243697478991597,0.9389179171768399
2024-02-28,0.9453781512605042,0.939852235858441
2024-02-29,0.9586206896551724,0.9429770503874932
2024-03-01,0.939297124600639,0.9446872708453917
2024-03-02,0.9228723404255319,0.9400465847837332
2024-03-03,0.934931506849315,0.9374540602071166
2024-03-04,0.9372197309417041,0.937527041661718
2024-03-05,0.9454545454545454,0.9405391555982016
2024-03-06,0.9411764705882353,0.9399389155021634
2024-03-07,0.9641025641025641,0.9407220404232193
2024-03-08,0.9469387755102041,0.9418137048388714
2024-03-09,0.9346938775510204,0.9435024958567982
2024-03-10,0.9333333333333333,0.9432741853545153
2024-03-11,0.946524064171123,0.9446033758158608
2024-03-12,0.9227053140096618,0.941353485609449
2024-03-13,0.9523809523809523,0.9429541258655513
2024-03-14,0.9166666666666666,0.9361775690889945
2024-03-15,0.8984962406015038,0.9292572069591802
2024-03-16,0.9106628242074928,0.9258241993386763
2024-03-17,0.9262672811059908,0.9248147633061988
2024-03-18,0.9357541899441341,0.9232762098452003
2024-03-19,0.9320987654320988,0.9246181314769771
2024-03-20,0.9328859060402684,0.9218331248568793
2024-03-21,0.9576271186440678,0.9276846179965081
2024-03-22,0.9176470588235294,0.9304204491710831
2024-03-23,0.9404466501240695,0.9346752814448799
2024-03-24,0.9411764705882353,0.9368051656566292
2024-03-25,0.9584664536741214,0.940049774760913
2024-03-26,0.9492753623188406,0.9425035743161618
2024-03-27,0.9578059071729957,0.9460635744779801
2024-03-28,0.9459459459459459,0.9443948355211054
2024-03-29,0.9373219373219374,0.9472055324494494
2024-03-30,0.9168704156479217,0.9438374989528568
2024-03-31,0.9390581717451524,0.9435348848324165
2024-04-01,0.9322033898305084,0.9397830185690432
2024-04-02,0.9339622641509434,0.9375954331164864
2024-04-03,0.9446153846153846,0.9357110727511133
2024-04-04,0.928374655647383,0.9332008884227473
2024-04-05,0.9157894736842105,0.9301248221887863
2024-04-06,0.9289473684210526,0.9318501011563765
2024-04-07,0.9171122994652406,0.9287149765449605
2024-04-08,0.9591836734693877,0.932569302779086
2024-04-09,0.9370629370629371,0.933012256052228
2024-04-10,0.8986013986013986,0.9264388294788014
2024-04-11,0.9626865671641791,0.931340531124058
2024-04-12,0.9460431654676259,0.9356624870931174
2024-04-13,0.9645390070921985,0.9407470069032812
2024-04-14,0.9395017793594306,0.9439455040310225
2024-04-15,0.9660194174757282,0.944922038889071
2024-04-16,0.9324894514767933,0.9442686838053362
2024-04-17,0.9414414414414415,0.9503886899253425
2024-04-18,0.95,0.9485763231876027
2024-04-19,0.9299610894941635,0.9462788837628222
2024-04-20,0.9267241379310345,0.9408767595969415
2024-04-21,0.967741935483871,0.9449110676147188
2024-04-22,0.9744897959183674,0.946121121677953
2024-04-23,0.953757225433526,0.9491593751003434
2024-04-24,0.9513513513513514,0.9505750765160448
2024-04-25,0.9627659574468085,0.9523987847227318
2024-04-26,0.9345238095238095,0.953050601869824
2024-04-27,0.935064935064935,0.9542421443175242
2024-04-28,0.9452054794520548,0.9510226505986933
2024-04-29,0.9273743016759777,0.9442918657069234
2024-04-30,0.9685863874345549,0.9464103174213561
2024-05-01,0.9533678756476683,0.9466983923208299
2024-05-02,0.9402173913043478,0.9434771685861926
2024-05-03,0.9539170506912442,0.9462476316101117
2024-05-04,0.9251968503937008,0.9448379052285069
2024-05-05,0.9453781512605042,0.944862572629714
2024-05-06,0.9826302729528535,0.9527562828121248
2024-05-07,0.9778393351800554,0.9540781324900535
2024-05-08,0.9789473684210527,0.957732345743394
2024-05-09,0.9760765550239234,0.9628550834176192
2024-05-10,0.9675,0.9647955047474415
2024-05-11,0.9411764705882353,0.9670783076323749
2024-05-12,0.9407665505226481,0.9664195075269669
2024-05-13,0.9506172839506173,0.9618462233837903
2024-05-14,0.97265625,0.9611057826437824
2024-05-15,0.9357429718875502,0.9549337259961391
2024-05-16,0.955,0.95192278956415
2024-05-17,0.9335664335664335,0.9470751372164978
2024-05-18,0.9134328358208955,0.9431117608211635
2024-05-19,0.9261083743842364,0.9410177356585334
2024-05-20,0.93993993993994,0.939492400799865
2024-05-21,0.9261538461538461,0.9328492002504145
2024-05-22,0.9247311827956989,0.9312760875230073
2024-05-23,0.9250936329588015,0.9270037493742647
2024-05-24,0.9409722222222222,0.9280617191822343
2024-05-25,0.9397590361445783,0.9318226049427605
2024-05-26,0.945619335347432,0.9346098850803599
2024-05-27,0.9594594594594594,0.9373983878688625
2024-05-28,0.927710843373494,0.937620816043098
2024-05-29,0.9459459459459459,0.9406514964931334
2024-05-30,0.9511278195488722,0.9443706660060006
2024-05-31,0.9469387755102041,0.9452230307614266
2024-06-01,0.9217687074829932,0.9426529838097715
2024-06-02,0.9484536082474226,0.9430578799383417
2024-06-03,0.9363636363636364,0.9397584766389384
2024-06-04,0.9608695652173913,0.9444954369023523
2024-06-05,0.9617021276595744,0.946746320004299
2024-06-06,0.9485981308411215,0.9463849359031918
2024-06-07,0.9621621621621622,0.9485597054249002
2024-06-08,0.9583333333333334,0.9537832234035203
2024-06-09,0.9395017793594306,0.9525043907052356
2024-06-10,0.9414634146341463,0.9532329304581656
2024-06-11,0.9629629629629629,0.9535319872789616
2024-06-12,0.9774011299435028,0.9557747018909514
2024-06-13,0.9367816091954023,0.9540866273701344
2024-06-14,0.9326923076923077,0.9498766481601553
2024-06-15,0.9603960396039604,0.9501713204845305
2024-06-16,0.9333333333333333,0.9492901139093737
2024-06-17,0.955,0.9512239118187813
2024-06-18,0.961352657004831,0.9509938681104769
2024-06-19,0.9414634146341463,0.9458599087805687
2024-06-20,0.9513513513513514,0.9479413005171329
2024-06-21,0.943502824858757,0.9494856601123399
2024-06-22,0.9723502304147466,0.9511934016567379
2024-06-23,0.95260663507109,0.9539467304764175
2024-06-24,0.9356435643564357,0.9511815253844798
2024-06-25,0.9585492227979274,0.9507810347834934
2024-06-26,0.9655172413793104,0.9542172957470882
2024-06-27,0.9531914893617022,0.9544801726057098
2024-06-28,0.9352750809061489,0.95330478061248
2024-06-29,0.9333333333333333,0.9477309381722783
2024-06-30,0.9437652811735942,0.9464678876154932
2024-07-01,0.9462686567164179,0.9479857579526334
2024-07-02,0.9303621169916435,0.9439590285517357
2024-07-03,0.9494047619047619,0.9416572457696574
2024-07-04,0.9315960912052117,0.9385721888901587
2024-07-05,0.9473684210526315,0.9402998089110849
2024-07-06,0.9578651685393258,0.9438043567976553
2024-07-07,0.9512820512820512,0.9448781810988632
2024-07-08,0.9475218658892128,0.9450572109806912
2024-07-09,0.9064327485380117,0.9416387297730295
2024-07-10,0.8522427440633246,0.9277584415099671
2024-07-11,0.8225352112676056,0.9121783158045947
2024-07-12,0.8259668508287292,0.8948352343440373
2024-07-13,0.8461538461538461,0.8788764740032544
2024-07-14,0.8729729729729729,0.8676894628162434
2024-07-15,0.8842443729903537,0.8586498209735492
2024-07-16,0.8754208754208754,0.8542195533853869
2024-07-17,0.8603773584905661,0.855381641160707
2024-07-18,0.8849206349206349,0.8642938445397111
2024-07-19,0.8741007194244604,0.8711701114819584
2024-07-20,0.8377483443708609,0.8699693255129607
2024-07-21,0.8712871287128713,0.8697284906186604
2024-07-22,0.899581589958159,0.8719195216140612
2024-07-23,0.8837209302325582,0.8731052437300157
2024-07-24,0.8808664259927798,0.8760322533731892
2024-07-25,0.9192307692307692,0.8809337011317798
2024-07-26,0.9178082191780822,0.8871776296680115
2024-07-27,0.9411764705882353,0.9019530762704936
2024-07-28,0.9367088607594937,0.9112990379914396
2024-07-29,0.9146919431279621,0.91345765987284
2024-07-30,0.9276018099547512,0.9197263569760105
2024-07-31,0.9239130434782609,0.9258758737596506
2024-08-01,0.927461139896373,0.9270516409975941
2024-08-02,0.9470899470899471,0.9312347449850032
2024-08-03,0.946524064171123,0.931998686925416
2024-08-04,0.9553571428571429,0.9346627272250799
2024-08-05,0.9166666666666666,0.9349448305877521
2024-08-06,0.8902439024390244,0.9296079866569339
2024-08-07,0.9365853658536586,0.931418318424848
2024-08-08,0.897196261682243,0.9270947643942579
